scenario,image,latencyMs,binaryBytes,fullEquivalentBytes,savingFraction,serverControlBytes,clientControlBytes
fria-origen,imagen-782,1343.8044999999997,1465406,1817692,0.1938095122826089,17808,25837
repetida-origen,imagen-782,143.92559999999958,22103,1817693,0.9878400808057246,10206,8122
fria-centro,imagen-782,595.8009999999995,1486992,1853234,0.19762318196191087,19974,29592
repetida-centro,imagen-782,162.50900000000001,25830,1853234,0.9860622026144567,11705,9417
fria-borde,imagen-782,513.4967000000006,1495341,1853234,0.19311808438653721,20032,29671
repetida-borde,imagen-782,129.4378000000006,25830,1853234,0.9860622026144567,11757,9420
fria-origen,imagen-1890,2397.7805000000008,2865356,3566448,0.19657990246878687,31711,45153
repetida-origen,imagen-1890,139.93039999999928,38028,3566448,0.9893372902114372,16914,13661
fria-centro,imagen-1890,2435.2253999999994,3269835,4080497,0.19866746624247,36887,52752
repetida-centro,imagen-1890,197.33580000000075,44716,4080497,0.9890415309703695,19590,15903
fria-borde,imagen-1890,762.343499999999,2717970,3362046,0.19157263166536087,31874,45366
repetida-borde,imagen-1890,265.09950000000026,38364,3362046,0.9885890912854851,16998,13744
fria-origen,imagen-100mb,1178.491,2957792,3566520,0.17067842042102666,31868,45301
repetida-origen,imagen-100mb,172.51499999999942,38100,3566520,0.9893173177214764,16993,13739
fria-centro,imagen-100mb,1000.7009999999991,3366494,4161276,0.19099478140839488,37006,52903
repetida-centro,imagen-100mb,156.3142000000007,45005,4161341,0.9891849766697802,19592,15970
fria-borde,imagen-100mb,688.2655000000013,2668565,3375181,0.20935647599343565,33637,50968
repetida-borde,imagen-100mb,240.12610000000132,45005,3375181,0.9866659002880142,19592,15989
fria-origen,imagen-500mb,853.6075000000019,3023209,3566592,0.1523535632895492,31868,45373
repetida-origen,imagen-500mb,146.939699999999,38172,3566592,0.9892973460378983,16993,13811
fria-centro,imagen-500mb,913.2931000000026,3349248,4161360,0.19515542995559143,37006,52987
repetida-centro,imagen-500mb,160.99179999999978,45024,4161360,0.9891804602341542,19592,15989
fria-borde,imagen-500mb,732.5324,2576568,3375858,0.23676647536715112,31872,45531
repetida-borde,imagen-500mb,210.09950000000026,38772,3375858,0.9885149197626204,17001,13819
fria-origen,imagen-4gb,930.5917999999983,2997779,3566592,0.15948361909632502,31860,45373
repetida-origen,imagen-4gb,143.99920000000202,38172,3566592,0.9892973460378983,16993,13811
fria-centro,imagen-4gb,1064.5656000000017,3429965,4161696,0.17582519242155126,37082,53220
repetida-centro,imagen-4gb,197.6902000000009,45528,4161696,0.9890602292911351,19682,15995
fria-borde,imagen-4gb,1411.9981999999982,3049107,3623087,0.15842291394051533,36339,55409
repetida-borde,imagen-4gb,173.72249999999985,49282,3623087,0.986397787301271,21201,17262
fria-origen,imagen-17gb,721.0321000000004,2760000,3566592,0.22615202411714042,32006,45520
repetida-origen,imagen-17gb,130.6085000000021,38172,3566592,0.9892973460378983,17069,13815
fria-centro,imagen-17gb,864.119200000001,3181983,4161696,0.23541195704828033,37174,53328
repetida-centro,imagen-17gb,176.05679999999847,45528,4161696,0.9890602292911351,19682,15995
fria-borde,imagen-17gb,752.4622999999992,2884574,3811376,0.24316729706016937,36113,52679
repetida-borde,imagen-17gb,179.0072,45509,3811376,0.9880596928773231,19682,15995
navegacion-40,imagen-17gb,729.765800000001,2732835,3566592,0.233768538705857,32006,45399
navegacion-40,imagen-17gb,763.4720000000016,2736010,3567168,0.23300220230726443,32014,45683
navegacion-40,imagen-17gb,862.2361000000019,3081096,4161528,0.25962386892506795,37174,53122
navegacion-40,imagen-17gb,862.8008000000009,3286605,4161612,0.21025674666451366,37174,68342
navegacion-40,imagen-17gb,930.0319000000018,3309199,4161696,0.20484365028103924,37174,80084
navegacion-40,imagen-17gb,945.6743000000024,3282881,4161696,0.2111675143979762,37174,80101
navegacion-40,imagen-17gb,730.8822,2569740,3567168,0.27961340761074327,32015,68734
navegacion-40,imagen-17gb,745.7344000000012,2715798,3567168,0.23866832176112818,32014,68758
navegacion-40,imagen-17gb,846.5948000000062,3305452,4161528,0.20571194042188345,37173,80086
navegacion-40,imagen-17gb,845.1644000000015,3094699,4161696,0.2563851372132899,37175,80489
navegacion-40,imagen-17gb,846.4816999999966,3174133,4161696,0.23729820726934403,37174,81446
navegacion-40,imagen-17gb,762.8127000000022,2761392,3566952,0.22583987673509487,32012,68669
navegacion-40,imagen-17gb,813.7767000000022,2784682,3567168,0.21935776503938142,32014,68723
navegacion-40,imagen-17gb,863.1189999999988,3233960,4161528,0.22289120726809963,37173,80714
navegacion-40,imagen-17gb,846.8346999999994,3236298,4161696,0.22236078752508592,37174,80170
navegacion-40,imagen-17gb,845.4536999999982,3291182,4161696,0.209172894896696,37174,80076
navegacion-40,imagen-17gb,830.9014000000025,3159268,4161528,0.24083942244291034,37304,80127
navegacion-40,imagen-17gb,747.7438000000038,2638492,3567168,0.2603398550334607,32160,68802
navegacion-40,imagen-17gb,845.7091,3015519,4161696,0.2754110343475352,37345,80240
navegacion-40,imagen-17gb,879.6569999999992,3259987,4161696,0.21666863701721606,37344,80257
navegacion-40,imagen-17gb,713.4448000000048,2671052,3567168,0.2512121660656297,32160,68814
navegacion-40,imagen-17gb,812.9591,3134698,4161486,0.24673590155055192,37343,80114
navegacion-40,imagen-17gb,747.4124000000011,2931023,3864276,0.2415078529587431,34751,74484
navegacion-40,imagen-17gb,745.8746000000028,2838275,3567168,0.20433380205249652,32160,68869
navegacion-40,imagen-17gb,813.4601000000039,3119739,4161465,0.2503267479120934,37344,80109
navegacion-40,imagen-17gb,714.0253000000012,2789150,3567168,0.2181052308161544,32160,68805
navegacion-40,imagen-17gb,945.0126000000018,3524148,4508504,0.21833317659250162,40368,86796
navegacion-40,imagen-17gb,929.383600000001,3241351,4161696,0.22114661907068656,37344,80235
navegacion-40,imagen-17gb,697.7180000000008,2730208,3567168,0.23462870265712188,32160,68755
navegacion-40,imagen-17gb,829.1089999999967,3453569,4161528,0.17011996555111486,37343,80139
navegacion-40,imagen-17gb,996.238099999995,3142798,4161696,0.2448275895211952,37345,80257
navegacion-40,imagen-17gb,1012.1967000000004,2758555,3567168,0.22668206263343915,32160,68869
navegacion-40,imagen-17gb,895.5398999999961,3097417,4161696,0.2557320380921624,37345,80257
navegacion-40,imagen-17gb,729.9598999999944,2774783,3567024,0.22210139320621336,32159,68741
navegacion-40,imagen-17gb,930.4997999999978,3259169,4161696,0.21686519149885042,37344,80228
navegacion-40,imagen-17gb,812.3814000000057,3181426,4161528,0.23551493586009753,37343,80172
navegacion-40,imagen-17gb,680.6458999999959,2713405,3567168,0.23933916204675532,32160,68869
navegacion-40,imagen-17gb,862.182799999995,3156653,4161528,0.24146779740518387,37344,80117
navegacion-40,imagen-17gb,830.3939000000028,3136638,4161696,0.24630775529976245,37345,80240
navegacion-40,imagen-17gb,830.2095999999947,3066633,4161696,0.2631290223985606,37345,80190
concurrencia-4,imagen-17gb,1456.0610000000015,2794053,3566592,0.2166042541451335,32197,45594
concurrencia-4,imagen-17gb,1451.8709000000017,2801037,3566952,0.21472534533685905,31667,45204
concurrencia-4,imagen-17gb,1649.653999999995,3243490,4161445,0.22058563792144315,36948,52636
concurrencia-4,imagen-17gb,1664.3525000000009,3082044,4161445,0.25938129664095044,36633,52634
concurrencia-4,imagen-17gb,1129.5404000000053,2543488,3567024,0.2869439622497634,31716,45435
concurrencia-4,imagen-17gb,2163.4200999999957,3113028,4161517,0.2519487484972427,36816,52866
concurrencia-4,imagen-17gb,2164.0596000000005,3201966,4161528,0.2305792487759304,36835,52899
concurrencia-4,imagen-17gb,2179.756800000003,3259033,4161696,0.21689787048357212,37360,53414
concurrencia-4,imagen-17gb,1298.3597999999984,2527119,3567024,0.291532941746397,31764,45437
concurrencia-4,imagen-17gb,1311.7267000000065,2649093,3567024,0.25733804987014386,31719,45437
concurrencia-4,imagen-17gb,2345.6117000000013,3260706,4161360,0.21643260857027513,36923,52822
concurrencia-4,imagen-17gb,2346.264799999997,3334393,4161696,0.19878986836136037,37421,53414
concurrencia-4,imagen-17gb,1311.8657000000094,2651445,3567024,0.25667867667837385,31963,45511
concurrencia-4,imagen-17gb,1377.795499999993,3248369,4161528,0.21942877712224929,37442,53329
concurrencia-4,imagen-17gb,1410.6403999999893,3349853,4161444,0.19502629375764757,36949,52872
concurrencia-4,imagen-17gb,1745.0666999999958,2716342,3567024,0.2384850788780788,31862,45481
otros-con-cliente-pausado,imagen-17gb,1033.6214000000036,3369930,4161528,0.1902181121934059,37009,52987
otros-con-cliente-pausado,imagen-17gb,1035.6399999999994,3369930,4161528,0.1902181121934059,37017,52987
otros-con-cliente-pausado,imagen-17gb,1064.973800000007,3369930,4161528,0.1902181121934059,37013,52987
recuperacion-hash,imagen-17gb,749.8911999999982,2841894,3616539,0.2141951185926655,32284,45735
detalle-400,imagen-17gb,1010.0084999999963,256221,290637,0.11841575573653729,4257,5378
